<?xml version="1.0" encoding="UTF-8" standalone="no"?>
<module codename="org.netbeans.core/2">
    <module_version install_time="1212114784862" last="false" origin="installer" specification_version="3.7.0.1">
        <file crc="2935638621" name="config/ModuleAutoDeps/org-netbeans-core.xml"/>
        <file crc="1105485396" name="config/Modules/org-netbeans-core.xml"/>
        <file crc="1031102011" name="modules/org-netbeans-core.jar"/>
    </module_version>
    <module_version install_time="1220607572468" last="true" origin="NetBeans" specification_version="3.7.1.1">
        <file crc="530560525" name="modules/locale/org-netbeans-core_ja.jar"/>
        <file crc="1961257342" name="modules/locale/org-netbeans-core_pt_BR.jar"/>
        <file crc="1545822208" name="modules/locale/org-netbeans-core_zh_CN.jar"/>
        <file crc="2935638621" name="config/ModuleAutoDeps/org-netbeans-core.xml"/>
        <file crc="1456224916" name="config/Modules/org-netbeans-core.xml"/>
        <file crc="3675361180" name="modules/org-netbeans-core.jar"/>
    </module_version>
</module>
