<?xml version="1.0" encoding="UTF-8" standalone="no"?>
<module codename="org.openide.loaders">
    <module_version install_time="1226277710094" last="false" origin="installer" specification_version="7.2.1">
        <file crc="2266055697" name="config/Modules/org-openide-loaders.xml"/>
        <file crc="995717941" name="modules/org-openide-loaders.jar"/>
    </module_version>
    <module_version install_time="1234096511281" last="false" origin="NetBeans" specification_version="7.2.2">
        <file crc="96002875" name="modules/locale/org-openide-loaders_ja.jar"/>
        <file crc="624963311" name="modules/locale/org-openide-loaders_pt_BR.jar"/>
        <file crc="1368248109" name="modules/locale/org-openide-loaders_zh_CN.jar"/>
        <file crc="683149787" name="config/Modules/org-openide-loaders.xml"/>
        <file crc="2391970457" name="modules/org-openide-loaders.jar"/>
    </module_version>
    <module_version install_time="1237234561092" last="true" origin="NetBeans" specification_version="7.2.3">
        <file crc="690037541" name="modules/locale/org-openide-loaders_ja.jar"/>
        <file crc="3925601247" name="modules/locale/org-openide-loaders_pt_BR.jar"/>
        <file crc="141357228" name="modules/locale/org-openide-loaders_zh_CN.jar"/>
        <file crc="1306473117" name="config/Modules/org-openide-loaders.xml"/>
        <file crc="1218546838" name="modules/org-openide-loaders.jar"/>
    </module_version>
</module>
