<?xml version="1.0" encoding="UTF-8" standalone="no"?>
<module codename="org.openide.nodes">
    <module_version install_time="1226277634830" last="false" origin="installer" specification_version="7.7.1.1">
        <file crc="131017986" name="config/Modules/org-openide-nodes.xml"/>
        <file crc="2981868902" name="modules/org-openide-nodes.jar"/>
    </module_version>
    <module_version install_time="1234096512187" last="true" origin="NetBeans" specification_version="7.7.3.1">
        <file crc="2038370920" name="modules/locale/org-openide-nodes_ja.jar"/>
        <file crc="1893140283" name="modules/locale/org-openide-nodes_pt_BR.jar"/>
        <file crc="1746680530" name="modules/locale/org-openide-nodes_zh_CN.jar"/>
        <file crc="698344578" name="config/Modules/org-openide-nodes.xml"/>
        <file crc="1262686467" name="modules/org-openide-nodes.jar"/>
    </module_version>
</module>
