<?xml version="1.0" encoding="UTF-8" standalone="no"?>
<module codename="org.netbeans.modules.options.api/1">
    <module_version install_time="1226277684971" last="false" origin="installer" specification_version="1.10.1">
        <file crc="8418809" name="config/ModuleAutoDeps/org-netbeans-modules-options-api.xml"/>
        <file crc="1843336884" name="config/Modules/org-netbeans-modules-options-api.xml"/>
        <file crc="2721407115" name="modules/org-netbeans-modules-options-api.jar"/>
    </module_version>
    <module_version install_time="1234096512859" last="true" origin="NetBeans" specification_version="1.10.2">
        <file crc="3406107391" name="modules/locale/org-netbeans-modules-options-api_ja.jar"/>
        <file crc="3530585862" name="modules/locale/org-netbeans-modules-options-api_pt_BR.jar"/>
        <file crc="368377188" name="modules/locale/org-netbeans-modules-options-api_zh_CN.jar"/>
        <file crc="8418809" name="config/ModuleAutoDeps/org-netbeans-modules-options-api.xml"/>
        <file crc="3262536574" name="config/Modules/org-netbeans-modules-options-api.xml"/>
        <file crc="1330205291" name="modules/org-netbeans-modules-options-api.jar"/>
    </module_version>
</module>
