<?xml version="1.0" encoding="UTF-8"?>
<module codename="org.jdesktop.layout/1">
    <module_version install_time="1201631754494" last="true" origin="installer" specification_version="1.4.1">
        <file crc="3450485972" name="config/Modules/org-jdesktop-layout.xml"/>
        <file crc="4249862644" name="docs/swing-layout-1.0.3-doc.zip"/>
        <file crc="2144712537" name="docs/swing-layout-1.0.3-src.zip"/>
        <file crc="3379943687" name="modules/ext/swing-layout-1.0.3.jar"/>
        <file crc="2409515454" name="modules/locale/org-jdesktop-layout_ja.jar"/>
        <file crc="182812036" name="modules/locale/org-jdesktop-layout_pt_BR.jar"/>
        <file crc="4060592899" name="modules/locale/org-jdesktop-layout_zh_CN.jar"/>
        <file crc="1291946677" name="modules/org-jdesktop-layout.jar"/>
    </module_version>
</module>
