<?xml version="1.0" encoding="UTF-8"?>
<module codename="org.openide.explorer">
    <module_version install_time="1201632141471" last="true" origin="installer" specification_version="6.12.2">
        <file crc="370925683" name="config/ModuleAutoDeps/org-openide-explorer.xml"/>
        <file crc="1046251003" name="config/Modules/org-openide-explorer.xml"/>
        <file crc="688009791" name="modules/locale/org-openide-explorer_ja.jar"/>
        <file crc="3805483469" name="modules/locale/org-openide-explorer_pt_BR.jar"/>
        <file crc="4176442409" name="modules/locale/org-openide-explorer_zh_CN.jar"/>
        <file crc="1057623779" name="modules/org-openide-explorer.jar"/>
    </module_version>
</module>
