<?xml version="1.0" encoding="UTF-8"?>
<module codename="org.netbeans.bootstrap/1">
    <module_version install_time="1201632092497" last="true" origin="installer" specification_version="2.7.1">
        <file crc="3281111405" name="lib/boot.jar"/>
        <file crc="1701334758" name="lib/locale/boot_ja.jar"/>
        <file crc="1535322059" name="lib/locale/boot_pt_BR.jar"/>
        <file crc="3612224061" name="lib/locale/boot_zh_CN.jar"/>
        <file crc="2943436521" name="lib/nbexec"/>
        <file crc="1232815265" name="lib/nbexec.exe"/>
    </module_version>
</module>
