<?xml version="1.0" encoding="UTF-8"?>
<module codename="org.openide.text">
    <module_version install_time="1201632158217" last="true" origin="installer" specification_version="6.16.1">
        <file crc="235010905" name="config/ModuleAutoDeps/org-openide-text.xml"/>
        <file crc="2374146974" name="config/Modules/org-openide-text.xml"/>
        <file crc="876247671" name="modules/locale/org-openide-text_ja.jar"/>
        <file crc="1238878976" name="modules/locale/org-openide-text_pt_BR.jar"/>
        <file crc="123268039" name="modules/locale/org-openide-text_zh_CN.jar"/>
        <file crc="1440147036" name="modules/org-openide-text.jar"/>
    </module_version>
</module>
