<?xml version="1.0" encoding="UTF-8"?>
<module codename="org.netbeans.modules.options.api/1">
    <module_version install_time="1201632124869" last="true" origin="installer" specification_version="1.5.1">
        <file crc="8418809" name="config/ModuleAutoDeps/org-netbeans-modules-options-api.xml"/>
        <file crc="88385628" name="config/Modules/org-netbeans-modules-options-api.xml"/>
        <file crc="2641886387" name="modules/locale/org-netbeans-modules-options-api_ja.jar"/>
        <file crc="3000070476" name="modules/locale/org-netbeans-modules-options-api_pt_BR.jar"/>
        <file crc="200522659" name="modules/locale/org-netbeans-modules-options-api_zh_CN.jar"/>
        <file crc="3955546257" name="modules/org-netbeans-modules-options-api.jar"/>
    </module_version>
</module>
