<?xml version="1.0" encoding="UTF-8"?>
<module codename="org.netbeans.modules.queries/1">
    <module_version install_time="1201632131348" last="true" origin="installer" specification_version="1.10.1">
        <file crc="3809266689" name="config/ModuleAutoDeps/org-netbeans-modules-queries.xml"/>
        <file crc="563458098" name="config/Modules/org-netbeans-modules-queries.xml"/>
        <file crc="3034728859" name="modules/locale/org-netbeans-modules-queries_ja.jar"/>
        <file crc="506461601" name="modules/locale/org-netbeans-modules-queries_pt_BR.jar"/>
        <file crc="357577371" name="modules/locale/org-netbeans-modules-queries_zh_CN.jar"/>
        <file crc="4062500376" name="modules/org-netbeans-modules-queries.jar"/>
    </module_version>
</module>
