<?xml version="1.0" encoding="UTF-8"?>
<module codename="org.netbeans.modules.javahelp/1">
    <module_version install_time="1201632172523" last="true" origin="installer" specification_version="2.9.1">
        <file crc="309300248" name="config/Modules/org-netbeans-modules-javahelp.xml"/>
        <file crc="2105504446" name="modules/ext/jh-2.0_05.jar"/>
        <file crc="2604885597" name="modules/locale/org-netbeans-modules-javahelp_ja.jar"/>
        <file crc="1775296704" name="modules/locale/org-netbeans-modules-javahelp_pt_BR.jar"/>
        <file crc="57194444" name="modules/locale/org-netbeans-modules-javahelp_zh_CN.jar"/>
        <file crc="4178873416" name="modules/org-netbeans-modules-javahelp.jar"/>
    </module_version>
</module>
