<?xml version="1.0" encoding="UTF-8"?>
<module codename="org.apache.commons.collections">
    <module_version install_time="1239009125101" last="true" origin="installer" specification_version="1.0">
        <file crc="4043085845" name="config/Modules/org-apache-commons-collections.xml"/>
        <file crc="860279338" name="modules/ext/commons-collections-3.2.jar"/>
        <file crc="4189364727" name="modules/ext/commons-configuration-1.2.jar"/>
        <file crc="2791441963" name="modules/ext/commons-lang-2.2.jar"/>
        <file crc="3997199286" name="modules/ext/commons-logging-1.1.jar"/>
        <file crc="1164665802" name="modules/org-apache-commons-collections.jar"/>
    </module_version>
</module>
