<?xml version="1.0" encoding="UTF-8"?>
<module codename="org.apache">
    <module_version install_time="1320056888735" last="true" origin="installer" specification_version="1.0">
        <file crc="331993088" name="config/Modules/org-apache.xml"/>
        <file crc="860279338" name="modules/ext/commons-collections-3.2.jar"/>
        <file crc="4189364727" name="modules/ext/commons-configuration-1.2.jar"/>
        <file crc="2791441963" name="modules/ext/commons-lang-2.2.jar"/>
        <file crc="3997199286" name="modules/ext/commons-logging-1.1.jar"/>
        <file crc="1906826865" name="modules/ext/jakarta-oro-2.0.8.jar"/>
        <file crc="4035430776" name="modules/ext/jakarta-regexp.jar"/>
        <file crc="2197124025" name="modules/ext/log4j-1.2.15.jar"/>
        <file crc="2826085111" name="modules/ext/xercesImpl.jar"/>
        <file crc="3734504468" name="modules/org-apache.jar"/>
    </module_version>
</module>
