<?xml version="1.0" encoding="UTF-8" standalone="no"?>
<module codename="org.netbeans.modules.options.keymap">
    <module_version install_time="1212114834596" last="false" origin="installer" specification_version="1.3">
        <file crc="115813958" name="config/Modules/org-netbeans-modules-options-keymap.xml"/>
        <file crc="1159312633" name="modules/org-netbeans-modules-options-keymap.jar"/>
    </module_version>
    <module_version install_time="1220607572875" last="true" origin="NetBeans" specification_version="1.3.1">
        <file crc="509586717" name="modules/locale/org-netbeans-modules-options-keymap_ja.jar"/>
        <file crc="3337569916" name="modules/locale/org-netbeans-modules-options-keymap_pt_BR.jar"/>
        <file crc="3371755616" name="modules/locale/org-netbeans-modules-options-keymap_zh_CN.jar"/>
        <file crc="3856913457" name="config/Modules/org-netbeans-modules-options-keymap.xml"/>
        <file crc="1510970569" name="modules/org-netbeans-modules-options-keymap.jar"/>
    </module_version>
</module>
