<?xml version="1.0" encoding="UTF-8" standalone="no"?>
<module codename="org.openide.text">
    <module_version install_time="1208802035584" last="false" origin="installer" specification_version="6.18">
        <file crc="235010905" name="config/ModuleAutoDeps/org-openide-text.xml"/>
        <file crc="2244717968" name="config/Modules/org-openide-text.xml"/>
        <file crc="2601777970" name="modules/org-openide-text.jar"/>
    </module_version>
    <module_version install_time="1212655548625" last="true" origin="NetBeans" specification_version="6.18.1">
        <file crc="235010905" name="config/ModuleAutoDeps/org-openide-text.xml"/>
        <file crc="1177610014" name="config/Modules/org-openide-text.xml"/>
        <file crc="2158881245" name="modules/org-openide-text.jar"/>
    </module_version>
</module>
